 ,prompt,result,time,user,id
0,"This is mock text meant to represent private text you can't see. It's included because privacy is a hard challenge, and this makes it easier","This is mock text meant to represent private text you can't see. It's included because privacy is a hard challenge, and this makes it easier",12345,FirstnameLastname123,123435
1,"This is mock text meant to represent private text you can't see. It's included because privacy is a hard challenge, and this makes it easier","This is mock text meant to represent private text you can't see. It's included because privacy is a hard challenge, and this makes it easier",12345,FirstnameLastname123,123435
2,"This is mock text meant to represent private text you can't see. It's included because privacy is a hard challenge, and this makes it easier","This is mock text meant to represent private text you can't see. It's included because privacy is a hard challenge, and this makes it easier",12345,FirstnameLastname123,123435
3,"This is mock text meant to represent private text you can't see. It's included because privacy is a hard challenge, and this makes it easier","This is mock text meant to represent private text you can't see. It's included because privacy is a hard challenge, and this makes it easier",12345,FirstnameLastname123,123435
4,"This is mock text meant to represent private text you can't see. It's included because privacy is a hard challenge, and this makes it easier","This is mock text meant to represent private text you can't see. It's included because privacy is a hard challenge, and this makes it easier",12345,FirstnameLastname123,123435
5,"This is mock text meant to represent private text you can't see. It's included because privacy is a hard challenge, and this makes it easier","This is mock text meant to represent private text you can't see. It's included because privacy is a hard challenge, and this makes it easier",12345,FirstnameLastname123,123435
6,"This is mock text meant to represent private text you can't see. It's included because privacy is a hard challenge, and this makes it easier","This is mock text meant to represent private text you can't see. It's included because privacy is a hard challenge, and this makes it easier",12345,FirstnameLastname123,123435
7,"This is mock text meant to represent private text you can't see. It's included because privacy is a hard challenge, and this makes it easier","This is mock text meant to represent private text you can't see. It's included because privacy is a hard challenge, and this makes it easier",12345,FirstnameLastname123,123435
8,"This is mock text meant to represent private text you can't see. It's included because privacy is a hard challenge, and this makes it easier","This is mock text meant to represent private text you can't see. It's included because privacy is a hard challenge, and this makes it easier",12345,FirstnameLastname123,123435
9,"This is mock text meant to represent private text you can't see. It's included because privacy is a hard challenge, and this makes it easier","This is mock text meant to represent private text you can't see. It's included because privacy is a hard challenge, and this makes it easier",12345,FirstnameLastname123,123435
10,"This is mock text meant to represent private text you can't see. It's included because privacy is a hard challenge, and this makes it easier","This is mock text meant to represent private text you can't see. It's included because privacy is a hard challenge, and this makes it easier",12345,FirstnameLastname123,123435
11,"This is mock text meant to represent private text you can't see. It's included because privacy is a hard challenge, and this makes it easier","This is mock text meant to represent private text you can't see. It's included because privacy is a hard challenge, and this makes it easier",12345,FirstnameLastname123,123435
12,"This is mock text meant to represent private text you can't see. It's included because privacy is a hard challenge, and this makes it easier","This is mock text meant to represent private text you can't see. It's included because privacy is a hard challenge, and this makes it easier",12345,FirstnameLastname123,123435
13,"This is mock text meant to represent private text you can't see. It's included because privacy is a hard challenge, and this makes it easier","This is mock text meant to represent private text you can't see. It's included because privacy is a hard challenge, and this makes it easier",12345,FirstnameLastname123,123435
14,"This is mock text meant to represent private text you can't see. It's included because privacy is a hard challenge, and this makes it easier","This is mock text meant to represent private text you can't see. It's included because privacy is a hard challenge, and this makes it easier",12345,FirstnameLastname123,123435
15,"This is mock text meant to represent private text you can't see. It's included because privacy is a hard challenge, and this makes it easier","This is mock text meant to represent private text you can't see. It's included because privacy is a hard challenge, and this makes it easier",12345,FirstnameLastname123,123435
16,"This is mock text meant to represent private text you can't see. It's included because privacy is a hard challenge, and this makes it easier","This is mock text meant to represent private text you can't see. It's included because privacy is a hard challenge, and this makes it easier",12345,FirstnameLastname123,123435
17,"This is mock text meant to represent private text you can't see. It's included because privacy is a hard challenge, and this makes it easier","This is mock text meant to represent private text you can't see. It's included because privacy is a hard challenge, and this makes it easier",12345,FirstnameLastname123,123435
18,"This is mock text meant to represent private text you can't see. It's included because privacy is a hard challenge, and this makes it easier","This is mock text meant to represent private text you can't see. It's included because privacy is a hard challenge, and this makes it easier",12345,FirstnameLastname123,123435
19,"This is mock text meant to represent private text you can't see. It's included because privacy is a hard challenge, and this makes it easier","This is mock text meant to represent private text you can't see. It's included because privacy is a hard challenge, and this makes it easier",12345,FirstnameLastname123,123435
20,"This is mock text meant to represent private text you can't see. It's included because privacy is a hard challenge, and this makes it easier","This is mock text meant to represent private text you can't see. It's included because privacy is a hard challenge, and this makes it easier",12345,FirstnameLastname123,123435
21,"This is mock text meant to represent private text you can't see. It's included because privacy is a hard challenge, and this makes it easier","This is mock text meant to represent private text you can't see. It's included because privacy is a hard challenge, and this makes it easier",12345,FirstnameLastname123,123435
22,"This is mock text meant to represent private text you can't see. It's included because privacy is a hard challenge, and this makes it easier","This is mock text meant to represent private text you can't see. It's included because privacy is a hard challenge, and this makes it easier",12345,FirstnameLastname123,123435
23,"This is mock text meant to represent private text you can't see. It's included because privacy is a hard challenge, and this makes it easier","This is mock text meant to represent private text you can't see. It's included because privacy is a hard challenge, and this makes it easier",12345,FirstnameLastname123,123435
24,"This is mock text meant to represent private text you can't see. It's included because privacy is a hard challenge, and this makes it easier","This is mock text meant to represent private text you can't see. It's included because privacy is a hard challenge, and this makes it easier",12345,FirstnameLastname123,123435
25,"This is mock text meant to represent private text you can't see. It's included because privacy is a hard challenge, and this makes it easier","This is mock text meant to represent private text you can't see. It's included because privacy is a hard challenge, and this makes it easier",12345,FirstnameLastname123,123435
26,"This is mock text meant to represent private text you can't see. It's included because privacy is a hard challenge, and this makes it easier","This is mock text meant to represent private text you can't see. It's included because privacy is a hard challenge, and this makes it easier",12345,FirstnameLastname123,123435
27,"This is mock text meant to represent private text you can't see. It's included because privacy is a hard challenge, and this makes it easier","This is mock text meant to represent private text you can't see. It's included because privacy is a hard challenge, and this makes it easier",12345,FirstnameLastname123,123435
28,"This is mock text meant to represent private text you can't see. It's included because privacy is a hard challenge, and this makes it easier","This is mock text meant to represent private text you can't see. It's included because privacy is a hard challenge, and this makes it easier",12345,FirstnameLastname123,123435
29,"This is mock text meant to represent private text you can't see. It's included because privacy is a hard challenge, and this makes it easier","This is mock text meant to represent private text you can't see. It's included because privacy is a hard challenge, and this makes it easier",12345,FirstnameLastname123,123435
30,"This is mock text meant to represent private text you can't see. It's included because privacy is a hard challenge, and this makes it easier","This is mock text meant to represent private text you can't see. It's included because privacy is a hard challenge, and this makes it easier",12345,FirstnameLastname123,123435
31,"This is mock text meant to represent private text you can't see. It's included because privacy is a hard challenge, and this makes it easier","This is mock text meant to represent private text you can't see. It's included because privacy is a hard challenge, and this makes it easier",12345,FirstnameLastname123,123435
32,"This is mock text meant to represent private text you can't see. It's included because privacy is a hard challenge, and this makes it easier","This is mock text meant to represent private text you can't see. It's included because privacy is a hard challenge, and this makes it easier",12345,FirstnameLastname123,123435
33,"This is mock text meant to represent private text you can't see. It's included because privacy is a hard challenge, and this makes it easier","This is mock text meant to represent private text you can't see. It's included because privacy is a hard challenge, and this makes it easier",12345,FirstnameLastname123,123435
34,"This is mock text meant to represent private text you can't see. It's included because privacy is a hard challenge, and this makes it easier","This is mock text meant to represent private text you can't see. It's included because privacy is a hard challenge, and this makes it easier",12345,FirstnameLastname123,123435
35,"This is mock text meant to represent private text you can't see. It's included because privacy is a hard challenge, and this makes it easier","This is mock text meant to represent private text you can't see. It's included because privacy is a hard challenge, and this makes it easier",12345,FirstnameLastname123,123435
36,"This is mock text meant to represent private text you can't see. It's included because privacy is a hard challenge, and this makes it easier","This is mock text meant to represent private text you can't see. It's included because privacy is a hard challenge, and this makes it easier",12345,FirstnameLastname123,123435
37,"This is mock text meant to represent private text you can't see. It's included because privacy is a hard challenge, and this makes it easier","This is mock text meant to represent private text you can't see. It's included because privacy is a hard challenge, and this makes it easier",12345,FirstnameLastname123,123435
38,"This is mock text meant to represent private text you can't see. It's included because privacy is a hard challenge, and this makes it easier","This is mock text meant to represent private text you can't see. It's included because privacy is a hard challenge, and this makes it easier",12345,FirstnameLastname123,123435
39,"This is mock text meant to represent private text you can't see. It's included because privacy is a hard challenge, and this makes it easier","This is mock text meant to represent private text you can't see. It's included because privacy is a hard challenge, and this makes it easier",12345,FirstnameLastname123,123435
40,"This is mock text meant to represent private text you can't see. It's included because privacy is a hard challenge, and this makes it easier","This is mock text meant to represent private text you can't see. It's included because privacy is a hard challenge, and this makes it easier",12345,FirstnameLastname123,123435
41,"This is mock text meant to represent private text you can't see. It's included because privacy is a hard challenge, and this makes it easier","This is mock text meant to represent private text you can't see. It's included because privacy is a hard challenge, and this makes it easier",12345,FirstnameLastname123,123435
42,"This is mock text meant to represent private text you can't see. It's included because privacy is a hard challenge, and this makes it easier","This is mock text meant to represent private text you can't see. It's included because privacy is a hard challenge, and this makes it easier",12345,FirstnameLastname123,123435
43,"This is mock text meant to represent private text you can't see. It's included because privacy is a hard challenge, and this makes it easier","This is mock text meant to represent private text you can't see. It's included because privacy is a hard challenge, and this makes it easier",12345,FirstnameLastname123,123435
44,"This is mock text meant to represent private text you can't see. It's included because privacy is a hard challenge, and this makes it easier","This is mock text meant to represent private text you can't see. It's included because privacy is a hard challenge, and this makes it easier",12345,FirstnameLastname123,123435
45,"This is mock text meant to represent private text you can't see. It's included because privacy is a hard challenge, and this makes it easier","This is mock text meant to represent private text you can't see. It's included because privacy is a hard challenge, and this makes it easier",12345,FirstnameLastname123,123435
46,"This is mock text meant to represent private text you can't see. It's included because privacy is a hard challenge, and this makes it easier","This is mock text meant to represent private text you can't see. It's included because privacy is a hard challenge, and this makes it easier",12345,FirstnameLastname123,123435
47,"This is mock text meant to represent private text you can't see. It's included because privacy is a hard challenge, and this makes it easier","This is mock text meant to represent private text you can't see. It's included because privacy is a hard challenge, and this makes it easier",12345,FirstnameLastname123,123435
48,"This is mock text meant to represent private text you can't see. It's included because privacy is a hard challenge, and this makes it easier","This is mock text meant to represent private text you can't see. It's included because privacy is a hard challenge, and this makes it easier",12345,FirstnameLastname123,123435
49,"This is mock text meant to represent private text you can't see. It's included because privacy is a hard challenge, and this makes it easier","This is mock text meant to represent private text you can't see. It's included because privacy is a hard challenge, and this makes it easier",12345,FirstnameLastname123,123435
50,"This is mock text meant to represent private text you can't see. It's included because privacy is a hard challenge, and this makes it easier","This is mock text meant to represent private text you can't see. It's included because privacy is a hard challenge, and this makes it easier",12345,FirstnameLastname123,123435
51,"This is mock text meant to represent private text you can't see. It's included because privacy is a hard challenge, and this makes it easier","This is mock text meant to represent private text you can't see. It's included because privacy is a hard challenge, and this makes it easier",12345,FirstnameLastname123,123435
52,"This is mock text meant to represent private text you can't see. It's included because privacy is a hard challenge, and this makes it easier","This is mock text meant to represent private text you can't see. It's included because privacy is a hard challenge, and this makes it easier",12345,FirstnameLastname123,123435
53,"This is mock text meant to represent private text you can't see. It's included because privacy is a hard challenge, and this makes it easier","This is mock text meant to represent private text you can't see. It's included because privacy is a hard challenge, and this makes it easier",12345,FirstnameLastname123,123435
54,"This is mock text meant to represent private text you can't see. It's included because privacy is a hard challenge, and this makes it easier","This is mock text meant to represent private text you can't see. It's included because privacy is a hard challenge, and this makes it easier",12345,FirstnameLastname123,123435
55,"This is mock text meant to represent private text you can't see. It's included because privacy is a hard challenge, and this makes it easier","This is mock text meant to represent private text you can't see. It's included because privacy is a hard challenge, and this makes it easier",12345,FirstnameLastname123,123435
56,"This is mock text meant to represent private text you can't see. It's included because privacy is a hard challenge, and this makes it easier","This is mock text meant to represent private text you can't see. It's included because privacy is a hard challenge, and this makes it easier",12345,FirstnameLastname123,123435
57,"This is mock text meant to represent private text you can't see. It's included because privacy is a hard challenge, and this makes it easier","This is mock text meant to represent private text you can't see. It's included because privacy is a hard challenge, and this makes it easier",12345,FirstnameLastname123,123435
58,"This is mock text meant to represent private text you can't see. It's included because privacy is a hard challenge, and this makes it easier","This is mock text meant to represent private text you can't see. It's included because privacy is a hard challenge, and this makes it easier",12345,FirstnameLastname123,123435
59,"This is mock text meant to represent private text you can't see. It's included because privacy is a hard challenge, and this makes it easier","This is mock text meant to represent private text you can't see. It's included because privacy is a hard challenge, and this makes it easier",12345,FirstnameLastname123,123435
60,"This is mock text meant to represent private text you can't see. It's included because privacy is a hard challenge, and this makes it easier","This is mock text meant to represent private text you can't see. It's included because privacy is a hard challenge, and this makes it easier",12345,FirstnameLastname123,123435
61,"This is mock text meant to represent private text you can't see. It's included because privacy is a hard challenge, and this makes it easier","This is mock text meant to represent private text you can't see. It's included because privacy is a hard challenge, and this makes it easier",12345,FirstnameLastname123,123435
62,"This is mock text meant to represent private text you can't see. It's included because privacy is a hard challenge, and this makes it easier","This is mock text meant to represent private text you can't see. It's included because privacy is a hard challenge, and this makes it easier",12345,FirstnameLastname123,123435
63,"This is mock text meant to represent private text you can't see. It's included because privacy is a hard challenge, and this makes it easier","This is mock text meant to represent private text you can't see. It's included because privacy is a hard challenge, and this makes it easier",12345,FirstnameLastname123,123435
64,"This is mock text meant to represent private text you can't see. It's included because privacy is a hard challenge, and this makes it easier","This is mock text meant to represent private text you can't see. It's included because privacy is a hard challenge, and this makes it easier",12345,FirstnameLastname123,123435
65,"This is mock text meant to represent private text you can't see. It's included because privacy is a hard challenge, and this makes it easier","This is mock text meant to represent private text you can't see. It's included because privacy is a hard challenge, and this makes it easier",12345,FirstnameLastname123,123435
66,"This is mock text meant to represent private text you can't see. It's included because privacy is a hard challenge, and this makes it easier","This is mock text meant to represent private text you can't see. It's included because privacy is a hard challenge, and this makes it easier",12345,FirstnameLastname123,123435
67,"This is mock text meant to represent private text you can't see. It's included because privacy is a hard challenge, and this makes it easier","This is mock text meant to represent private text you can't see. It's included because privacy is a hard challenge, and this makes it easier",12345,FirstnameLastname123,123435
68,"This is mock text meant to represent private text you can't see. It's included because privacy is a hard challenge, and this makes it easier","This is mock text meant to represent private text you can't see. It's included because privacy is a hard challenge, and this makes it easier",12345,FirstnameLastname123,123435
69,"This is mock text meant to represent private text you can't see. It's included because privacy is a hard challenge, and this makes it easier","This is mock text meant to represent private text you can't see. It's included because privacy is a hard challenge, and this makes it easier",12345,FirstnameLastname123,123435
70,"This is mock text meant to represent private text you can't see. It's included because privacy is a hard challenge, and this makes it easier","This is mock text meant to represent private text you can't see. It's included because privacy is a hard challenge, and this makes it easier",12345,FirstnameLastname123,123435
71,"This is mock text meant to represent private text you can't see. It's included because privacy is a hard challenge, and this makes it easier","This is mock text meant to represent private text you can't see. It's included because privacy is a hard challenge, and this makes it easier",12345,FirstnameLastname123,123435
72,"This is mock text meant to represent private text you can't see. It's included because privacy is a hard challenge, and this makes it easier","This is mock text meant to represent private text you can't see. It's included because privacy is a hard challenge, and this makes it easier",12345,FirstnameLastname123,123435
73,"This is mock text meant to represent private text you can't see. It's included because privacy is a hard challenge, and this makes it easier","This is mock text meant to represent private text you can't see. It's included because privacy is a hard challenge, and this makes it easier",12345,FirstnameLastname123,123435
74,"This is mock text meant to represent private text you can't see. It's included because privacy is a hard challenge, and this makes it easier","This is mock text meant to represent private text you can't see. It's included because privacy is a hard challenge, and this makes it easier",12345,FirstnameLastname123,123435
75,"This is mock text meant to represent private text you can't see. It's included because privacy is a hard challenge, and this makes it easier","This is mock text meant to represent private text you can't see. It's included because privacy is a hard challenge, and this makes it easier",12345,FirstnameLastname123,123435
76,"This is mock text meant to represent private text you can't see. It's included because privacy is a hard challenge, and this makes it easier","This is mock text meant to represent private text you can't see. It's included because privacy is a hard challenge, and this makes it easier",12345,FirstnameLastname123,123435
77,"This is mock text meant to represent private text you can't see. It's included because privacy is a hard challenge, and this makes it easier","This is mock text meant to represent private text you can't see. It's included because privacy is a hard challenge, and this makes it easier",12345,FirstnameLastname123,123435
78,"This is mock text meant to represent private text you can't see. It's included because privacy is a hard challenge, and this makes it easier","This is mock text meant to represent private text you can't see. It's included because privacy is a hard challenge, and this makes it easier",12345,FirstnameLastname123,123435
79,"This is mock text meant to represent private text you can't see. It's included because privacy is a hard challenge, and this makes it easier","This is mock text meant to represent private text you can't see. It's included because privacy is a hard challenge, and this makes it easier",12345,FirstnameLastname123,123435
80,"This is mock text meant to represent private text you can't see. It's included because privacy is a hard challenge, and this makes it easier","This is mock text meant to represent private text you can't see. It's included because privacy is a hard challenge, and this makes it easier",12345,FirstnameLastname123,123435
81,"This is mock text meant to represent private text you can't see. It's included because privacy is a hard challenge, and this makes it easier","This is mock text meant to represent private text you can't see. It's included because privacy is a hard challenge, and this makes it easier",12345,FirstnameLastname123,123435
82,"This is mock text meant to represent private text you can't see. It's included because privacy is a hard challenge, and this makes it easier","This is mock text meant to represent private text you can't see. It's included because privacy is a hard challenge, and this makes it easier",12345,FirstnameLastname123,123435
83,"This is mock text meant to represent private text you can't see. It's included because privacy is a hard challenge, and this makes it easier","This is mock text meant to represent private text you can't see. It's included because privacy is a hard challenge, and this makes it easier",12345,FirstnameLastname123,123435
84,"This is mock text meant to represent private text you can't see. It's included because privacy is a hard challenge, and this makes it easier","This is mock text meant to represent private text you can't see. It's included because privacy is a hard challenge, and this makes it easier",12345,FirstnameLastname123,123435
85,"This is mock text meant to represent private text you can't see. It's included because privacy is a hard challenge, and this makes it easier","This is mock text meant to represent private text you can't see. It's included because privacy is a hard challenge, and this makes it easier",12345,FirstnameLastname123,123435
86,"This is mock text meant to represent private text you can't see. It's included because privacy is a hard challenge, and this makes it easier","This is mock text meant to represent private text you can't see. It's included because privacy is a hard challenge, and this makes it easier",12345,FirstnameLastname123,123435
87,"This is mock text meant to represent private text you can't see. It's included because privacy is a hard challenge, and this makes it easier","This is mock text meant to represent private text you can't see. It's included because privacy is a hard challenge, and this makes it easier",12345,FirstnameLastname123,123435
88,"This is mock text meant to represent private text you can't see. It's included because privacy is a hard challenge, and this makes it easier","This is mock text meant to represent private text you can't see. It's included because privacy is a hard challenge, and this makes it easier",12345,FirstnameLastname123,123435
89,"This is mock text meant to represent private text you can't see. It's included because privacy is a hard challenge, and this makes it easier","This is mock text meant to represent private text you can't see. It's included because privacy is a hard challenge, and this makes it easier",12345,FirstnameLastname123,123435
90,"This is mock text meant to represent private text you can't see. It's included because privacy is a hard challenge, and this makes it easier","This is mock text meant to represent private text you can't see. It's included because privacy is a hard challenge, and this makes it easier",12345,FirstnameLastname123,123435
91,"This is mock text meant to represent private text you can't see. It's included because privacy is a hard challenge, and this makes it easier","This is mock text meant to represent private text you can't see. It's included because privacy is a hard challenge, and this makes it easier",12345,FirstnameLastname123,123435
92,"This is mock text meant to represent private text you can't see. It's included because privacy is a hard challenge, and this makes it easier","This is mock text meant to represent private text you can't see. It's included because privacy is a hard challenge, and this makes it easier",12345,FirstnameLastname123,123435
93,"This is mock text meant to represent private text you can't see. It's included because privacy is a hard challenge, and this makes it easier","This is mock text meant to represent private text you can't see. It's included because privacy is a hard challenge, and this makes it easier",12345,FirstnameLastname123,123435
94,"This is mock text meant to represent private text you can't see. It's included because privacy is a hard challenge, and this makes it easier","This is mock text meant to represent private text you can't see. It's included because privacy is a hard challenge, and this makes it easier",12345,FirstnameLastname123,123435
95,"This is mock text meant to represent private text you can't see. It's included because privacy is a hard challenge, and this makes it easier","This is mock text meant to represent private text you can't see. It's included because privacy is a hard challenge, and this makes it easier",12345,FirstnameLastname123,123435
96,"This is mock text meant to represent private text you can't see. It's included because privacy is a hard challenge, and this makes it easier","This is mock text meant to represent private text you can't see. It's included because privacy is a hard challenge, and this makes it easier",12345,FirstnameLastname123,123435
97,"This is mock text meant to represent private text you can't see. It's included because privacy is a hard challenge, and this makes it easier","This is mock text meant to represent private text you can't see. It's included because privacy is a hard challenge, and this makes it easier",12345,FirstnameLastname123,123435
98,"This is mock text meant to represent private text you can't see. It's included because privacy is a hard challenge, and this makes it easier","This is mock text meant to represent private text you can't see. It's included because privacy is a hard challenge, and this makes it easier",12345,FirstnameLastname123,123435
99,"This is mock text meant to represent private text you can't see. It's included because privacy is a hard challenge, and this makes it easier","This is mock text meant to represent private text you can't see. It's included because privacy is a hard challenge, and this makes it easier",12345,FirstnameLastname123,123435
